标的代码,标的名称,跟踪指数
510210.SH,上证指数ETF富国,000001.SH
510180.SH,上证180ETF华安,000010.SH
510880.SH,红利ETF华泰柏瑞,000015.SH
510050.SH,上证50ETF华夏,000016.SH
510230.SH,金融ETF国泰,000018.SH
510410.SH,资源ETF博时,000068.SH
510150.SH,消费ETF招商,000069.SH
510720.SH,红利国企ETF国泰,000151.SH
510300.SH,沪深300ETF华泰柏瑞,000300.SH
159338.SZ,中证A500ETF国泰,000510.CSI
589680.SH,科创综指ETF鹏华,000680.SH
588770.SH,科创信息ETF摩根,000682.SH
588200.SH,科创芯片ETF嘉实,000685.SH
588000.SH,科创50ETF华夏,000688.SH
588010.SH,科创新材料ETF博时,000689.SH
588020.SH,科创成长ETF易方达,000690.SH
588830.SH,科创新能源ETF鹏华,000692.SH
588220.SH,科创100ETF鹏华,000698.SH
588230.SH,科创200ETF华泰柏瑞,000699.SH
516650.SH,有色金属ETF华夏,000811.CSI
159870.SZ,化工ETF鹏华,000813.CSI
515170.SH,食品饮料ETF华夏,000815.CSI
512400.SH,有色金属ETF南方,000819.SH
561580.SH,央企红利ETF华泰柏瑞,000825.CSI
512100.SH,中证1000ETF南方,000852.SH
512330.SH,信息科技ETF南方,000858.SH
510500.SH,中证500ETF南方,000905.SH
515800.SH,中证800ETF汇添富,000906.SH
562310.SH,沪深300成长ETF银华,000918.CSI
515180.SH,红利ETF易方达,000922.CSI
159930.SZ,能源ETF汇添富,000928.SH
159928.SZ,消费ETF汇添富,000932.SH
159929.SZ,医药ETF汇添富,000933.SH
159825.SZ,农业ETF富国,000949.CSI
159790.SZ,碳中和ETF华夏,000977.CSI
159938.SZ,医药ETF广发,000991.SH
159939.SZ,信息技术ETF广发,000993.SH
159903.SZ,深成ETF南方,399001.SZ
159915.SZ,创业板ETF易方达,399006.SZ
159107.SZ,创业板软件ETF富国,399264.SZ
159387.SZ,创业板新能源ETF国泰,399266.SZ
159967.SZ,创业板成长ETF华夏,399296.SZ
159628.SZ,国证2000ETF万家,399303.SZ
159905.SZ,红利ETF工银,399324.SZ
159901.SZ,深证100ETF易方达,399330.SZ
159698.SZ,粮食ETF鹏华,399365.SZ
159507.SZ,通信ETF广发,399389.SZ
159880.SZ,有色ETF鹏华,399395.SZ
159993.SZ,证券ETF鹏华,399437.SZ
159625.SZ,绿色电力ETF嘉实,399438.SZ
159697.SZ,石油ETF鹏华,399439.SZ
159859.SZ,生物医药ETF天弘,399441.SZ
159597.SZ,创业板成长ETF易方达,399667.SZ
159949.SZ,创业板50ETF华安,399673.SZ
516160.SH,新能源ETF南方,399808.SZ
515630.SH,证券保险ETF鹏华,399966.SZ
512660.SH,军工ETF国泰,399967.SZ
512980.SH,传媒ETF广发,399971.SZ
512670.SH,国防ETF鹏华,399973.SZ
512880.SH,证券ETF国泰,399975.SZ
515030.SH,新能源车ETF华夏,399976.SZ
512800.SH,银行ETF华宝,399986.SZ
512690.SH,酒ETF鹏华,399987.SZ
512170.SH,医疗ETF华宝,399989.SZ
516970.SH,基建ETF广发,399995.SZ
515220.SH,煤炭ETF国泰,399998.SZ
512090.SH,MSCIA股ETF易方达,716567.CSI
159399.SZ,现金流ETF国泰,888888.FI
159595.SZ,中证A50ETF大成,930050.CSI
516150.SH,稀土ETF嘉实,930598.CSI
159852.SZ,软件ETF嘉实,930601.CSI
515210.SH,钢铁ETF国泰,930606.CSI
562800.SH,稀有金属ETF嘉实,930632.CSI
159766.SZ,旅游ETF富国,930633.CSI
560080.SH,中药ETF汇添富,930641.CSI
159998.SZ,计算机ETF天弘,930651.CSI
159997.SZ,电子ETF天弘,930652.CSI
159736.SZ,食品饮料ETF天弘,930653.CSI
159996.SZ,家电ETF国泰,930697.CSI
159865.SZ,养殖ETF国泰,930707.CSI
159876.SZ,有色ETF华宝,930708.CSI
159819.SZ,人工智能ETF易方达,930713.CSI
516520.SH,智能驾驶ETF华泰柏瑞,930721.CSI
512290.SH,生物医药ETF国泰,930726.CSI
515300.SH,300红利低波ETF嘉实,930740.CSI
159837.SZ,生物科技ETF易方达,930743.CSI
516510.SH,云计算ETF易方达,930851.CSI
159869.SZ,游戏ETF华夏,930901.CSI
515400.SH,大数据ETF富国,930902.CSI
515100.SH,红利低波100ETF景顺,930955.CSI
159851.SZ,金融科技ETF华宝,930986.CSI
515700.SH,新能源车ETF平安,930997.CSI
159745.SZ,建材ETF国泰,931009.CSI
512040.SH,价值100ETF富国,931052.CSI
512710.SH,军工龙头ETF富国,931066.CSI
515980.SH,人工智能ETF华富,931071.CSI
515050.SH,通信ETF华夏,931079.CSI
515000.SH,科技ETF华宝,931087.CSI
515650.SH,消费50ETF富国,931139.CSI
515790.SH,光伏ETF华泰柏瑞,931151.CSI
159992.SZ,创新药ETF银华,931152.CSI
515880.SH,通信ETF国泰,931160.CSI
159309.SZ,油气ETF汇添富,931248.CSI
159583.SZ,通信ETF富国,931271.CSI
159807.SZ,科技ETF易方达,931380.CSI
159692.SZ,证券ETF东财,931412.CSI
515260.SH,电子ETF华宝,931461.CSI
159758.SZ,红利质量ETF华夏,931468.CSI
516820.SH,医疗创新ETF平安,931484.CSI
562950.SH,消费电子ETF易方达,931494.CSI
159638.SZ,高端装备ETF嘉实,931521.CSI
563230.SH,卫星ETF富国,931594.CSI
159781.SZ,科创创业ETF易方达,931643.CSI
159796.SZ,电池ETF汇添富,931719.CSI
159516.SZ,半导体设备ETF国泰,931743.CSI
560280.SH,工程机械ETF广发,931752.CSI
512200.SH,房地产ETF南方,931775.CSI
561980.SH,半导体设备ETF招商,931865.CSI
159667.SZ,工业母机ETF国泰,931866.CSI
561330.SH,矿业ETF国泰,931892.CSI
562550.SH,绿电ETF华夏,931897.CSI
159326.SZ,电网设备ETF华夏,931994.CSI
563300.SH,中证2000ETF华泰柏瑞,932000.CSI
159325.SZ,半导体ETF南方,932066.CSI
159546.SZ,集成电路ETF国泰,932087.CSI
563380.SH,航空航天ETF华泰柏瑞,932088.CSI
159207.SZ,高股息ETF广发,932305.CSI
159209.SZ,红利质量ETF招商,932315.CSI
159232.SZ,自由现金流ETF南方,932365.CSI
563900.SH,300自由现金流ETF摩根,932366.CSI
560120.SH,中证500现金流ETF华夏,932367.CSI
516460.SH,现金流ETF800鹏华,932368.CSI
560710.SH,船舶ETF富国,932420.CSI
560570.SH,A500红利ETF国联安,932422.CSI
159141.SZ,科创创业人工智能ETF永赢,932456.CSI
588170.SH,科创半导体ETF华夏,950125.CSI
589720.SH,科创创新药ETF国泰,950161.CSI
588780.SH,科创芯片设计ETF国联安,950162.CSI
588790.SH,科创AIETF博时,950180.CSI
159363.SZ,创业板人工智能ETF华宝,970070.CNI
159995.SZ,芯片ETF华夏,980017.CNI
159206.SZ,卫星ETF永赢,980018.CNI
159530.SZ,机器人ETF易方达,980022.CNI
159566.SZ,储能电池ETF易方达,980027.CNI
159732.SZ,消费电子ETF华夏,980030.CNI
159755.SZ,电池ETF广发,980032.CNI
159378.SZ,通用航空ETF永赢,980076.CNI
159259.SZ,成长ETF易方达,980080.CNI
159263.SZ,价值ETF易方达,980081.CNI
159201.SZ,自由现金流ETF华夏,980092.CNI
512760.SH,芯片ETF国泰,990001.CSI
159227.SZ,航空航天ETF华夏,CN5082.CNI
562060.SH,标普A股红利ETF华宝,CSPSADRP.CI
159731.SZ,石化ETF华夏,H11057.CSI
560860.SH,工业有色ETF万家,H11059.CSI
159599.SZ,芯片ETF东财,H30007.CSI
159887.SZ,银行ETF富国,H30022.CSI
512070.SH,证券保险ETF易方达,H30035.CSI
512480.SH,半导体ETF国联安,H30184.CSI
561360.SH,石油ETF国泰,H30198.CSI
159611.SZ,电力ETF广发,H30199.CSI
515230.SH,软件ETF国泰,H30202.CSI
159883.SZ,医疗器械ETF永赢,H30217.CSI
512890.SH,红利低波ETF华泰柏瑞,H30269.CSI
512220.SH,TMTETF景顺,H30318.CSI
562500.SH,机器人ETF华夏,H30590.CSI
515450.SH,红利低波50ETF南方,SPCLLHCP.SPI
